{
    "w": 24.401220008939383,
    "b": 42.00570976269114,
    "company": "Alphabet/Google (GOOGL)"
}