{
    "w": 32.39725416020507,
    "b": 51.28918418977737,
    "company": "Apple (AAPL)"
}